<?xml version="1.0" encoding="UTF-8"?>
<!DOCTYPE editor-preferences PUBLIC "-//NetBeans//DTD Editor Preferences 1.0//EN" "http://www.netbeans.org/dtds/EditorPreferences-1_0.dtd">
<editor-preferences>
    <entry javaType="java.lang.Boolean" name="absoluteLabelIndent" xml:space="preserve">
        <value><![CDATA[true]]></value>
    </entry>
    <entry javaType="java.lang.Boolean" name="alignJavadocExceptionDescriptions" xml:space="preserve">
        <value><![CDATA[true]]></value>
    </entry>
    <entry javaType="java.lang.Boolean" name="alignJavadocParameterDescriptions" xml:space="preserve">
        <value><![CDATA[true]]></value>
    </entry>
    <entry javaType="java.lang.Boolean" name="alignJavadocReturnDescription" xml:space="preserve">
        <value><![CDATA[true]]></value>
    </entry>
    <entry javaType="java.lang.Boolean" name="alignMultilineAnnotationArgs" xml:space="preserve">
        <value><![CDATA[true]]></value>
    </entry>
    <entry javaType="java.lang.Boolean" name="alignMultilineArrayInit" xml:space="preserve">
        <value><![CDATA[true]]></value>
    </entry>
    <entry javaType="java.lang.Boolean" name="alignMultilineBinaryOp" xml:space="preserve">
        <value><![CDATA[true]]></value>
    </entry>
    <entry javaType="java.lang.Boolean" name="alignMultilineCallArgs" xml:space="preserve">
        <value><![CDATA[true]]></value>
    </entry>
    <entry javaType="java.lang.Boolean" name="alignMultilineDisjunctiveCatchTypes" xml:space="preserve">
        <value><![CDATA[true]]></value>
    </entry>
    <entry javaType="java.lang.Boolean" name="alignMultilineFor" xml:space="preserve">
        <value><![CDATA[true]]></value>
    </entry>
    <entry javaType="java.lang.Boolean" name="alignMultilineImplements" xml:space="preserve">
        <value><![CDATA[true]]></value>
    </entry>
    <entry javaType="java.lang.Boolean" name="alignMultilineLambdaParams" xml:space="preserve">
        <value><![CDATA[true]]></value>
    </entry>
    <entry javaType="java.lang.Boolean" name="alignMultilineMethodParams" xml:space="preserve">
        <value><![CDATA[true]]></value>
    </entry>
    <entry javaType="java.lang.Boolean" name="alignMultilineParenthesized" xml:space="preserve">
        <value><![CDATA[true]]></value>
    </entry>
    <entry javaType="java.lang.Boolean" name="alignMultilineTernaryOp" xml:space="preserve">
        <value><![CDATA[true]]></value>
    </entry>
    <entry javaType="java.lang.Boolean" name="alignMultilineThrows" xml:space="preserve">
        <value><![CDATA[true]]></value>
    </entry>
    <entry javaType="java.lang.Boolean" name="alignMultilineTryResources" xml:space="preserve">
        <value><![CDATA[true]]></value>
    </entry>
    <entry javaType="java.lang.Boolean" name="blankLineAfterJavadocParameterDescriptions" xml:space="preserve">
        <value><![CDATA[true]]></value>
    </entry>
    <entry javaType="java.lang.Boolean" name="blankLineAfterJavadocReturnTag" xml:space="preserve">
        <value><![CDATA[true]]></value>
    </entry>
    <entry javaType="java.lang.String" name="blankLinesAfterClassHeader" xml:space="preserve">
        <value><![CDATA[0]]></value>
    </entry>
    <entry javaType="java.lang.String" name="blankLinesAfterFields" xml:space="preserve">
        <value><![CDATA[1]]></value>
    </entry>
    <entry javaType="java.lang.String" name="blankLinesBeforeFields" xml:space="preserve">
        <value><![CDATA[1]]></value>
    </entry>
    <entry javaType="java.lang.String" name="classMemberInsertionPoint" xml:space="preserve">
        <value><![CDATA[LAST_IN_CATEGORY]]></value>
    </entry>
    <entry javaType="java.lang.Boolean" name="code-folding-collapse-tags" xml:space="preserve">
        <value><![CDATA[false]]></value>
    </entry>
    <entry javaType="java.lang.String" name="continuationIndentSize" xml:space="preserve">
        <value><![CDATA[4]]></value>
    </entry>
    <entry javaType="java.lang.Boolean" name="enableBlockCommentFormatting" xml:space="preserve">
        <value><![CDATA[true]]></value>
    </entry>
    <entry javaType="java.lang.String" name="importGroupsOrder" xml:space="preserve">
        <value><![CDATA[*;static *]]></value>
    </entry>
    <entry javaType="java.lang.Boolean" name="javaAutoPopupOnIdentifierPart" xml:space="preserve">
        <value><![CDATA[true]]></value>
    </entry>
    <entry javaType="java.lang.Boolean" name="javaCompletionExcluderMethods" xml:space="preserve">
        <value><![CDATA[true]]></value>
    </entry>
    <entry javaType="java.lang.Boolean" name="preserveNewLinesInComments" xml:space="preserve">
        <value><![CDATA[true]]></value>
    </entry>
    <entry javaType="java.lang.Boolean" name="separateImportGroups" xml:space="preserve">
        <value><![CDATA[false]]></value>
    </entry>
    <entry javaType="java.lang.Boolean" name="separateStaticImports" xml:space="preserve">
        <value><![CDATA[true]]></value>
    </entry>
    <entry javaType="java.lang.Boolean" name="sortMembersByVisibility" xml:space="preserve">
        <value><![CDATA[true]]></value>
    </entry>
    <entry javaType="java.lang.String" name="visibilityOrder" xml:space="preserve">
        <value><![CDATA[PUBLIC;PROTECTED;DEFAULT;PRIVATE]]></value>
    </entry>
    <entry javaType="java.lang.Boolean" name="wrapAfterDotInChainedMethodCalls" xml:space="preserve">
        <value><![CDATA[false]]></value>
    </entry>
    <entry javaType="java.lang.String" name="wrapAnnotationArgs" xml:space="preserve">
        <value><![CDATA[WRAP_IF_LONG]]></value>
    </entry>
    <entry javaType="java.lang.String" name="wrapArrayInit" xml:space="preserve">
        <value><![CDATA[WRAP_IF_LONG]]></value>
    </entry>
    <entry javaType="java.lang.String" name="wrapAssert" xml:space="preserve">
        <value><![CDATA[WRAP_IF_LONG]]></value>
    </entry>
    <entry javaType="java.lang.String" name="wrapAssignOps" xml:space="preserve">
        <value><![CDATA[WRAP_IF_LONG]]></value>
    </entry>
    <entry javaType="java.lang.String" name="wrapBinaryOps" xml:space="preserve">
        <value><![CDATA[WRAP_IF_LONG]]></value>
    </entry>
    <entry javaType="java.lang.String" name="wrapChainedMethodCalls" xml:space="preserve">
        <value><![CDATA[WRAP_IF_LONG]]></value>
    </entry>
    <entry javaType="java.lang.String" name="wrapDisjunctiveCatchTypes" xml:space="preserve">
        <value><![CDATA[WRAP_IF_LONG]]></value>
    </entry>
    <entry javaType="java.lang.String" name="wrapEnumConstants" xml:space="preserve">
        <value><![CDATA[WRAP_IF_LONG]]></value>
    </entry>
    <entry javaType="java.lang.String" name="wrapExtendsImplementsKeyword" xml:space="preserve">
        <value><![CDATA[WRAP_IF_LONG]]></value>
    </entry>
    <entry javaType="java.lang.String" name="wrapExtendsImplementsList" xml:space="preserve">
        <value><![CDATA[WRAP_IF_LONG]]></value>
    </entry>
    <entry javaType="java.lang.String" name="wrapFor" xml:space="preserve">
        <value><![CDATA[WRAP_IF_LONG]]></value>
    </entry>
    <entry javaType="java.lang.String" name="wrapForStatement" xml:space="preserve">
        <value><![CDATA[WRAP_IF_LONG]]></value>
    </entry>
    <entry javaType="java.lang.String" name="wrapIfStatement" xml:space="preserve">
        <value><![CDATA[WRAP_IF_LONG]]></value>
    </entry>
    <entry javaType="java.lang.String" name="wrapMethodCallArgs" xml:space="preserve">
        <value><![CDATA[WRAP_IF_LONG]]></value>
    </entry>
    <entry javaType="java.lang.String" name="wrapMethodParams" xml:space="preserve">
        <value><![CDATA[WRAP_IF_LONG]]></value>
    </entry>
    <entry javaType="java.lang.String" name="wrapThrowsKeyword" xml:space="preserve">
        <value><![CDATA[WRAP_IF_LONG]]></value>
    </entry>
    <entry javaType="java.lang.String" name="wrapThrowsList" xml:space="preserve">
        <value><![CDATA[WRAP_IF_LONG]]></value>
    </entry>
    <entry javaType="java.lang.String" name="wrapTryResources" xml:space="preserve">
        <value><![CDATA[WRAP_IF_LONG]]></value>
    </entry>
    <entry javaType="java.lang.String" name="wrapWhileStatement" xml:space="preserve">
        <value><![CDATA[WRAP_IF_LONG]]></value>
    </entry>
    <entry name="code-folding-collapse-import" remove="true"/>
    <entry name="code-folding-collapse-innerclass" remove="true"/>
    <entry name="code-folding-collapse-javadoc" remove="true"/>
    <entry name="code-folding-collapse-method" remove="true"/>
    <entry name="pair-characters-completion" remove="true"/>
    <entry name="show-deprecated-members" remove="true"/>
</editor-preferences>
